Peso;Altura;IMC
72;180;0.0022222222222222222
80;170;0.002768166089965398
60;175;0.0019591836734693877
90;174;0.002972651605231867
100;185;0.0029218407596785976
